[
    {
        "model": "main.tasktype",
        "pk": 1,
        "fields": {
            "name": "Bug Fix"
        }
    },
    {
        "model": "main.tasktype",
        "pk": 2,
        "fields": {
            "name": "Feature"
        }
    },
    {
        "model": "main.tasktype",
        "pk": 3,
        "fields": {
            "name": "Code Review"
        }
    },
    {
        "model": "main.tasktype",
        "pk": 4,
        "fields": {
            "name": "Refactor"
        }
    },
    {
        "model": "main.tasktype",
        "pk": 5,
        "fields": {
            "name": "Testing"
        }
    },
    {
        "model": "main.tasktype",
        "pk": 6,
        "fields": {
            "name": "Deployment"
        }
    },
    {
        "model": "main.tasktype",
        "pk": 7,
        "fields": {
            "name": "Design"
        }
    },
    {
        "model": "main.tasktype",
        "pk": 8,
        "fields": {
            "name": "Documentation"
        }
    },
    {
        "model": "main.tasktype",
        "pk": 9,
        "fields": {
            "name": "Research"
        }
    },
    {
        "model": "main.tasktype",
        "pk": 10,
        "fields": {
            "name": "Maintenance"
        }
    },
    {
        "model": "main.tasktype",
        "pk": 11,
        "fields": {
            "name": "Hotfix"
        }
    },
    {
        "model": "main.tasktype",
        "pk": 12,
        "fields": {
            "name": "Migration"
        }
    },
    {
        "model": "main.tasktype",
        "pk": 13,
        "fields": {
            "name": "Optimization"
        }
    },
    {
        "model": "main.tasktype",
        "pk": 14,
        "fields": {
            "name": "Security Patch"
        }
    },
    {
        "model": "main.position",
        "pk": 1,
        "fields": {
            "name": "Backend Developer"
        }
    },
    {
        "model": "main.position",
        "pk": 2,
        "fields": {
            "name": "Frontend Developer"
        }
    },
    {
        "model": "main.position",
        "pk": 3,
        "fields": {
            "name": "Project Manager"
        }
    },
    {
        "model": "main.position",
        "pk": 4,
        "fields": {
            "name": "QA Engineer"
        }
    },
    {
        "model": "main.position",
        "pk": 5,
        "fields": {
            "name": "DevOps Engineer"
        }
    },
    {
        "model": "main.position",
        "pk": 6,
        "fields": {
            "name": "UI/UX Designer"
        }
    },
    {
        "model": "main.position",
        "pk": 7,
        "fields": {
            "name": "Data Analyst"
        }
    },
    {
        "model": "main.position",
        "pk": 8,
        "fields": {
            "name": "Database Admin"
        }
    },
    {
        "model": "main.position",
        "pk": 9,
        "fields": {
            "name": "Mobile Developer"
        }
    },
    {
        "model": "main.position",
        "pk": 10,
        "fields": {
            "name": "Team Lead"
        }
    },
    {
        "model": "main.position",
        "pk": 11,
        "fields": {
            "name": "Scrum Master"
        }
    },
    {
        "model": "main.position",
        "pk": 12,
        "fields": {
            "name": "Product Owner"
        }
    },
    {
        "model": "main.position",
        "pk": 13,
        "fields": {
            "name": "Security Engineer"
        }
    },
    {
        "model": "main.position",
        "pk": 14,
        "fields": {
            "name": "Technical Writer"
        }
    },
    {
        "model": "main.worker",
        "pk": 1,
        "fields": {
            "username": "user1",
            "password": "pbkdf2_sha256$260000$example$hash",
            "position": 1,
            "is_active": true,
            "is_staff": false,
            "is_superuser": false
        }
    },
    {
        "model": "main.worker",
        "pk": 2,
        "fields": {
            "username": "user2",
            "password": "pbkdf2_sha256$260000$example$hash",
            "position": 2,
            "is_active": true,
            "is_staff": false,
            "is_superuser": false
        }
    },
    {
        "model": "main.worker",
        "pk": 3,
        "fields": {
            "username": "user3",
            "password": "pbkdf2_sha256$260000$example$hash",
            "position": 3,
            "is_active": true,
            "is_staff": false,
            "is_superuser": false
        }
    },
    {
        "model": "main.worker",
        "pk": 4,
        "fields": {
            "username": "user4",
            "password": "pbkdf2_sha256$260000$example$hash",
            "position": 4,
            "is_active": true,
            "is_staff": false,
            "is_superuser": false
        }
    },
    {
        "model": "main.worker",
        "pk": 5,
        "fields": {
            "username": "user5",
            "password": "pbkdf2_sha256$260000$example$hash",
            "position": 5,
            "is_active": true,
            "is_staff": false,
            "is_superuser": false
        }
    },
    {
        "model": "main.worker",
        "pk": 6,
        "fields": {
            "username": "user6",
            "password": "pbkdf2_sha256$260000$example$hash",
            "position": 6,
            "is_active": true,
            "is_staff": false,
            "is_superuser": false
        }
    },
    {
        "model": "main.worker",
        "pk": 7,
        "fields": {
            "username": "user7",
            "password": "pbkdf2_sha256$260000$example$hash",
            "position": 7,
            "is_active": true,
            "is_staff": false,
            "is_superuser": false
        }
    },
    {
        "model": "main.worker",
        "pk": 8,
        "fields": {
            "username": "user8",
            "password": "pbkdf2_sha256$260000$example$hash",
            "position": 8,
            "is_active": true,
            "is_staff": false,
            "is_superuser": false
        }
    },
    {
        "model": "main.worker",
        "pk": 9,
        "fields": {
            "username": "user9",
            "password": "pbkdf2_sha256$260000$example$hash",
            "position": 9,
            "is_active": true,
            "is_staff": false,
            "is_superuser": false
        }
    },
    {
        "model": "main.worker",
        "pk": 10,
        "fields": {
            "username": "user10",
            "password": "pbkdf2_sha256$260000$example$hash",
            "position": 10,
            "is_active": true,
            "is_staff": false,
            "is_superuser": false
        }
    },
    {
        "model": "main.worker",
        "pk": 11,
        "fields": {
            "username": "user11",
            "password": "pbkdf2_sha256$260000$example$hash",
            "position": 11,
            "is_active": true,
            "is_staff": false,
            "is_superuser": false
        }
    },
    {
        "model": "main.worker",
        "pk": 12,
        "fields": {
            "username": "user12",
            "password": "pbkdf2_sha256$260000$example$hash",
            "position": 12,
            "is_active": true,
            "is_staff": false,
            "is_superuser": false
        }
    },
    {
        "model": "main.worker",
        "pk": 13,
        "fields": {
            "username": "user13",
            "password": "pbkdf2_sha256$260000$example$hash",
            "position": 13,
            "is_active": true,
            "is_staff": false,
            "is_superuser": false
        }
    },
    {
        "model": "main.worker",
        "pk": 14,
        "fields": {
            "username": "user14",
            "password": "pbkdf2_sha256$260000$example$hash",
            "position": 14,
            "is_active": true,
            "is_staff": false,
            "is_superuser": false
        }
    },
    {
        "model": "main.worker",
        "pk": 15,
        "fields": {
            "username": "user15",
            "password": "pbkdf2_sha256$260000$example$hash",
            "position": 1,
            "is_active": true,
            "is_staff": false,
            "is_superuser": false
        }
    },
    {
        "model": "main.worker",
        "pk": 16,
        "fields": {
            "username": "user16",
            "password": "pbkdf2_sha256$260000$example$hash",
            "position": 2,
            "is_active": true,
            "is_staff": false,
            "is_superuser": false
        }
    },
    {
        "model": "main.task",
        "pk": 1,
        "fields": {
            "name": "Task 1",
            "description": "This is a description for Task 1.",
            "deadline": "2025-06-05T11:45:09.421519",
            "is_completed": true,
            "priority": "low",
            "task_type": 1,
            "assignees": [
                1,
                2
            ]
        }
    },
    {
        "model": "main.task",
        "pk": 2,
        "fields": {
            "name": "Task 2",
            "description": "This is a description for Task 2.",
            "deadline": "2025-06-06T11:45:09.421551",
            "is_completed": false,
            "priority": "medium",
            "task_type": 2,
            "assignees": [
                2,
                3
            ]
        }
    },
    {
        "model": "main.task",
        "pk": 3,
        "fields": {
            "name": "Task 3",
            "description": "This is a description for Task 3.",
            "deadline": "2025-06-07T11:45:09.421562",
            "is_completed": false,
            "priority": "high",
            "task_type": 3,
            "assignees": [
                3,
                4
            ]
        }
    },
    {
        "model": "main.task",
        "pk": 4,
        "fields": {
            "name": "Task 4",
            "description": "This is a description for Task 4.",
            "deadline": "2025-06-08T11:45:09.421571",
            "is_completed": true,
            "priority": "urgent",
            "task_type": 4,
            "assignees": [
                4,
                5
            ]
        }
    },
    {
        "model": "main.task",
        "pk": 5,
        "fields": {
            "name": "Task 5",
            "description": "This is a description for Task 5.",
            "deadline": "2025-06-09T11:45:09.421580",
            "is_completed": false,
            "priority": "low",
            "task_type": 5,
            "assignees": [
                5,
                6
            ]
        }
    },
    {
        "model": "main.task",
        "pk": 6,
        "fields": {
            "name": "Task 6",
            "description": "This is a description for Task 6.",
            "deadline": "2025-06-10T11:45:09.421589",
            "is_completed": false,
            "priority": "medium",
            "task_type": 6,
            "assignees": [
                6,
                7
            ]
        }
    },
    {
        "model": "main.task",
        "pk": 7,
        "fields": {
            "name": "Task 7",
            "description": "This is a description for Task 7.",
            "deadline": "2025-06-11T11:45:09.421598",
            "is_completed": true,
            "priority": "high",
            "task_type": 7,
            "assignees": [
                7,
                8
            ]
        }
    },
    {
        "model": "main.task",
        "pk": 8,
        "fields": {
            "name": "Task 8",
            "description": "This is a description for Task 8.",
            "deadline": "2025-06-12T11:45:09.421610",
            "is_completed": false,
            "priority": "urgent",
            "task_type": 8,
            "assignees": [
                8,
                9
            ]
        }
    },
    {
        "model": "main.task",
        "pk": 9,
        "fields": {
            "name": "Task 9",
            "description": "This is a description for Task 9.",
            "deadline": "2025-06-13T11:45:09.421624",
            "is_completed": false,
            "priority": "low",
            "task_type": 9,
            "assignees": [
                9,
                10
            ]
        }
    },
    {
        "model": "main.task",
        "pk": 10,
        "fields": {
            "name": "Task 10",
            "description": "This is a description for Task 10.",
            "deadline": "2025-06-14T11:45:09.421633",
            "is_completed": true,
            "priority": "medium",
            "task_type": 10,
            "assignees": [
                10,
                11
            ]
        }
    },
    {
        "model": "main.task",
        "pk": 11,
        "fields": {
            "name": "Task 11",
            "description": "This is a description for Task 11.",
            "deadline": "2025-06-15T11:45:09.421642",
            "is_completed": false,
            "priority": "high",
            "task_type": 11,
            "assignees": [
                11,
                12
            ]
        }
    },
    {
        "model": "main.task",
        "pk": 12,
        "fields": {
            "name": "Task 12",
            "description": "This is a description for Task 12.",
            "deadline": "2025-06-16T11:45:09.421651",
            "is_completed": false,
            "priority": "urgent",
            "task_type": 12,
            "assignees": [
                12,
                13
            ]
        }
    },
    {
        "model": "main.task",
        "pk": 13,
        "fields": {
            "name": "Task 13",
            "description": "This is a description for Task 13.",
            "deadline": "2025-06-17T11:45:09.421659",
            "is_completed": true,
            "priority": "low",
            "task_type": 13,
            "assignees": [
                13,
                14
            ]
        }
    },
    {
        "model": "main.task",
        "pk": 14,
        "fields": {
            "name": "Task 14",
            "description": "This is a description for Task 14.",
            "deadline": "2025-06-18T11:45:09.421667",
            "is_completed": false,
            "priority": "medium",
            "task_type": 14,
            "assignees": [
                14,
                15
            ]
        }
    },
    {
        "model": "main.task",
        "pk": 15,
        "fields": {
            "name": "Task 15",
            "description": "This is a description for Task 15.",
            "deadline": "2025-06-19T11:45:09.421675",
            "is_completed": false,
            "priority": "high",
            "task_type": 1,
            "assignees": [
                15,
                16
            ]
        }
    },
    {
        "model": "main.task",
        "pk": 16,
        "fields": {
            "name": "Task 16",
            "description": "This is a description for Task 16.",
            "deadline": "2025-06-20T11:45:09.421682",
            "is_completed": true,
            "priority": "urgent",
            "task_type": 2,
            "assignees": [
                16,
                1
            ]
        }
    },
    {
        "model": "main.task",
        "pk": 17,
        "fields": {
            "name": "Task 17",
            "description": "This is a description for Task 17.",
            "deadline": "2025-06-21T11:45:09.421691",
            "is_completed": false,
            "priority": "low",
            "task_type": 3,
            "assignees": [
                1,
                2
            ]
        }
    },
    {
        "model": "main.task",
        "pk": 18,
        "fields": {
            "name": "Task 18",
            "description": "This is a description for Task 18.",
            "deadline": "2025-06-22T11:45:09.422007",
            "is_completed": false,
            "priority": "medium",
            "task_type": 4,
            "assignees": [
                2,
                3
            ]
        }
    },
    {
        "model": "main.task",
        "pk": 19,
        "fields": {
            "name": "Task 19",
            "description": "This is a description for Task 19.",
            "deadline": "2025-06-23T11:45:09.422023",
            "is_completed": true,
            "priority": "high",
            "task_type": 5,
            "assignees": [
                3,
                4
            ]
        }
    },
    {
        "model": "main.task",
        "pk": 20,
        "fields": {
            "name": "Task 20",
            "description": "This is a description for Task 20.",
            "deadline": "2025-06-24T11:45:09.422033",
            "is_completed": false,
            "priority": "urgent",
            "task_type": 6,
            "assignees": [
                4,
                5
            ]
        }
    },
    {
        "model": "main.task",
        "pk": 21,
        "fields": {
            "name": "Task 21",
            "description": "This is a description for Task 21.",
            "deadline": "2025-06-25T11:45:09.422043",
            "is_completed": false,
            "priority": "low",
            "task_type": 7,
            "assignees": [
                5,
                6
            ]
        }
    },
    {
        "model": "main.task",
        "pk": 22,
        "fields": {
            "name": "Task 22",
            "description": "This is a description for Task 22.",
            "deadline": "2025-06-26T11:45:09.422052",
            "is_completed": true,
            "priority": "medium",
            "task_type": 8,
            "assignees": [
                6,
                7
            ]
        }
    },
    {
        "model": "main.task",
        "pk": 23,
        "fields": {
            "name": "Task 23",
            "description": "This is a description for Task 23.",
            "deadline": "2025-06-27T11:45:09.422061",
            "is_completed": false,
            "priority": "high",
            "task_type": 9,
            "assignees": [
                7,
                8
            ]
        }
    },
    {
        "model": "main.task",
        "pk": 24,
        "fields": {
            "name": "Task 24",
            "description": "This is a description for Task 24.",
            "deadline": "2025-06-28T11:45:09.422071",
            "is_completed": false,
            "priority": "urgent",
            "task_type": 10,
            "assignees": [
                8,
                9
            ]
        }
    },
    {
        "model": "main.task",
        "pk": 25,
        "fields": {
            "name": "Task 25",
            "description": "This is a description for Task 25.",
            "deadline": "2025-06-29T11:45:09.422080",
            "is_completed": true,
            "priority": "low",
            "task_type": 11,
            "assignees": [
                9,
                10
            ]
        }
    }
]